<?xml version="1.0" encoding="UTF-8"?>
<project-private xmlns="http://www.netbeans.org/ns/project-private/1">
    <editor-bookmarks xmlns="http://www.netbeans.org/ns/editor-bookmarks/2" lastBookmarkId="0"/>
    <open-files xmlns="http://www.netbeans.org/ns/projectui-open-files/2">
        <group>
            <file>file:/C:/Users/ducmi/OneDrive/Documents/GitHub/CSD/csd201-assignment2/src/BookService.java</file>
            <file>file:/C:/Users/ducmi/OneDrive/Documents/GitHub/CSD/csd201-assignment2/src/Main.java</file>
            <file>file:/C:/Users/ducmi/OneDrive/Documents/GitHub/CSD/csd201-assignment2/src/BookServiceImpl.java</file>
        </group>
    </open-files>
</project-private>
